subject,test,reference_consistent,n,n00,n01,n10,n11,f_anchor,f_anchor_ci95,f_reverse,f_reverse_ci95,B,B_ci95,B_zero_one_sided95_upper,model_f,model_B,S1_disagreeing_directions,S2_disagreeing_directions
aismessages,dk.tbsalling.aismessages.nmea.NMEAMessageHandlerTest.canHandleFragmentedMessageReceived,True,300,0,98,110,92,0.6733333333333333,"[0.6183622089237593, 0.7239215610517313]",0.6333333333333333,"[0.5774367141816825, 0.6858584934917717]",0.30666666666666664,"[0.2572057600770161, 0.3610161887964749]",,0.6666666666666666,0.3333333333333333,0,0
aismessages,dk.tbsalling.aismessages.nmea.NMEAMessageHandlerTest.canHandleUnfragmentedMessageReceived,True,300,0,98,114,88,0.6733333333333333,"[0.6183622089237593, 0.7239215610517313]",0.62,"[0.5638844388564824, 0.6730812480496265]",0.29333333333333333,"[0.24468634082804494, 0.34720608727810065]",,0.6666666666666666,0.3333333333333333,0,0
http-request,com.github.kevinsawicki.http.HttpRequestTest.basicProxyAuthentication,True,300,92,108,100,0,0.3333333333333333,"[0.2823934472922627, 0.38848754311591926]",0.36,"[0.30776933517318583, 0.4157706967696869]",0.0,"[0.0, 0.012642971224546034]",0.00993608194445772,0.3333333333333333,0.0,0,0
http-request,com.github.kevinsawicki.http.HttpRequestTest.deleteWithEscapedMappedQueryParams,False,300,93,102,105,0,0.35,"[0.29823200252235404, 0.4055608888450096]",0.34,"[0.2887202040964927, 0.395325546695362]",0.0,"[0.0, 0.012642971224546034]",0.00993608194445772,0.3333333333333333,0.0,0,0
http-request,com.github.kevinsawicki.http.HttpRequestTest.deleteWithEscapedVarargsQueryParams,False,300,97,109,94,0,0.31333333333333335,"[0.2634843975598553, 0.36790231169730847]",0.36333333333333334,"[0.3109540370105783, 0.4191683751241309]",0.0,"[0.0, 0.012642971224546034]",0.00993608194445772,0.3333333333333333,0.0,0,0
http-request,com.github.kevinsawicki.http.HttpRequestTest.deleteWithMappedQueryParams,True,300,92,111,97,0,0.3233333333333333,"[0.2729253960837475, 0.37820845374892526]",0.37,"[0.317331727809741, 0.42595544470864083]",0.0,"[0.0, 0.012642971224546034]",0.00993608194445772,0.3333333333333333,0.0,0,0
http-request,com.github.kevinsawicki.http.HttpRequestTest.deleteWithVarargsQueryParams,True,300,88,105,107,0,0.3566666666666667,"[0.30458741740255907, 0.41237023434847747]",0.35,"[0.29823200252235404, 0.4055608888450096]",0.0,"[0.0, 0.012642971224546034]",0.00993608194445772,0.3333333333333333,0.0,0,0
http-request,com.github.kevinsawicki.http.HttpRequestTest.getUrlEncodedWithPercent,False,300,90,88,122,0,0.4066666666666667,"[0.3526017598634212, 0.46309159476516065]",0.29333333333333333,"[0.24468634082804494, 0.34720608727810065]",0.0,"[0.0, 0.012642971224546034]",0.00993608194445772,0.3333333333333333,0.0,0,0
http-request,com.github.kevinsawicki.http.HttpRequestTest.getUrlEncodedWithSpace,True,300,102,92,106,0,0.35333333333333333,"[0.30140830066923496, 0.40896697088996514]",0.30666666666666664,"[0.2572057600770161, 0.3610161887964749]",0.0,"[0.0, 0.012642971224546034]",0.00993608194445772,0.3333333333333333,0.0,0,0
http-request,com.github.kevinsawicki.http.HttpRequestTest.getUrlEncodedWithUnicode,True,300,99,94,107,0,0.3566666666666667,"[0.30458741740255907, 0.41237023434847747]",0.31333333333333335,"[0.2634843975598553, 0.36790231169730847]",0.0,"[0.0, 0.012642971224546034]",0.00993608194445772,0.3333333333333333,0.0,0,0
http-request,com.github.kevinsawicki.http.HttpRequestTest.getWithEscapedMappedQueryParams,True,300,96,100,104,0,0.3466666666666667,"[0.2950585411049252, 0.40215197007060216]",0.3333333333333333,"[0.2823934472922627, 0.38848754311591926]",0.0,"[0.0, 0.012642971224546034]",0.00993608194445772,0.3333333333333333,0.0,0,0
http-request,com.github.kevinsawicki.http.HttpRequestTest.getWithEscapedVarargsQueryParams,True,300,104,99,97,0,0.3233333333333333,"[0.2729253960837475, 0.37820845374892526]",0.33,"[0.2792344636154957, 0.3850641466008499]",0.0,"[0.0, 0.012642971224546034]",0.00993608194445772,0.3333333333333333,0.0,0,0
http-request,com.github.kevinsawicki.http.HttpRequestTest.getWithMappedQueryParams,True,300,107,91,102,0,0.34,"[0.2887202040964927, 0.395325546695362]",0.30333333333333334,"[0.2540711301237818, 0.3575684385578729]",0.0,"[0.0, 0.012642971224546034]",0.00993608194445772,0.3333333333333333,0.0,0,0
http-request,com.github.kevinsawicki.http.HttpRequestTest.getWithVarargsQueryParams,True,300,111,92,97,0,0.3233333333333333,"[0.2729253960837475, 0.37820845374892526]",0.30666666666666664,"[0.2572057600770161, 0.3610161887964749]",0.0,"[0.0, 0.012642971224546034]",0.00993608194445772,0.3333333333333333,0.0,0,0
http-request,com.github.kevinsawicki.http.HttpRequestTest.headWithEscapedMappedQueryParams,False,300,95,99,106,0,0.35333333333333333,"[0.30140830066923496, 0.40896697088996514]",0.33,"[0.2792344636154957, 0.3850641466008499]",0.0,"[0.0, 0.012642971224546034]",0.00993608194445772,0.3333333333333333,0.0,0,0
http-request,com.github.kevinsawicki.http.HttpRequestTest.headWithEscapedVarargsQueryParams,True,300,90,101,109,0,0.36333333333333334,"[0.3109540370105783, 0.4191683751241309]",0.33666666666666667,"[0.2855553679085868, 0.39190800269143145]",0.0,"[0.0, 0.012642971224546034]",0.00993608194445772,0.3333333333333333,0.0,0,0
http-request,com.github.kevinsawicki.http.HttpRequestTest.headWithMappedQueryParams,False,300,99,85,116,0,0.38666666666666666,"[0.3333235932848012, 0.44287548019276246]",0.2833333333333333,"[0.2353308526310286, 0.33681443489960794]",0.0,"[0.0, 0.012642971224546034]",0.00993608194445772,0.3333333333333333,0.0,0,0
http-request,com.github.kevinsawicki.http.HttpRequestTest.headWithVaragsQueryParams,True,300,99,102,99,0,0.33,"[0.2792344636154957, 0.3850641466008499]",0.34,"[0.2887202040964927, 0.395325546695362]",0.0,"[0.0, 0.012642971224546034]",0.00993608194445772,0.3333333333333333,0.0,0,0
http-request,com.github.kevinsawicki.http.HttpRequestTest.postWithEscapedMappedQueryParams,True,300,99,86,115,0,0.38333333333333336,"[0.330119832453064, 0.43949686083266337]",0.2866666666666667,"[0.23844603884969776, 0.3402816288727752]",0.0,"[0.0, 0.012642971224546034]",0.00993608194445772,0.3333333333333333,0.0,0,0
http-request,com.github.kevinsawicki.http.HttpRequestTest.postWithMappedQueryParams,True,300,105,95,100,0,0.3333333333333333,"[0.2823934472922627, 0.38848754311591926]",0.31666666666666665,"[0.26662835068573615, 0.37134073876326396]",0.0,"[0.0, 0.012642971224546034]",0.00993608194445772,0.3333333333333333,0.0,0,0
http-request,com.github.kevinsawicki.http.HttpRequestTest.postWithVaragsQueryParams,True,300,94,105,101,0,0.33666666666666667,"[0.2855553679085868, 0.39190800269143145]",0.35,"[0.29823200252235404, 0.4055608888450096]",0.0,"[0.0, 0.012642971224546034]",0.00993608194445772,0.3333333333333333,0.0,0,0
http-request,com.github.kevinsawicki.http.HttpRequestTest.putWithEscapedMappedQueryParams,True,300,75,108,117,0,0.39,"[0.3365300216309911, 0.446251432038409]",0.36,"[0.30776933517318583, 0.4157706967696869]",0.0,"[0.0, 0.012642971224546034]",0.00993608194445772,0.3333333333333333,0.0,0,0
http-request,com.github.kevinsawicki.http.HttpRequestTest.putWithEscapedVarargsQueryParams,True,300,105,98,97,0,0.3233333333333333,"[0.2729253960837475, 0.37820845374892526]",0.32666666666666666,"[0.2760784389482685, 0.3816377910762407]",0.0,"[0.0, 0.012642971224546034]",0.00993608194445772,0.3333333333333333,0.0,0,0
http-request,com.github.kevinsawicki.http.HttpRequestTest.putWithMappedQueryParams,True,300,85,105,110,0,0.36666666666666664,"[0.3141415065082282, 0.4225632858183173]",0.35,"[0.29823200252235404, 0.4055608888450096]",0.0,"[0.0, 0.012642971224546034]",0.00993608194445772,0.3333333333333333,0.0,0,0
http-request,com.github.kevinsawicki.http.HttpRequestTest.singleSslSocketFactory,True,300,97,96,107,0,0.3566666666666667,"[0.30458741740255907, 0.41237023434847747]",0.32,"[0.2697753585604896, 0.3747761110803469]",0.0,"[0.0, 0.012642971224546034]",0.00993608194445772,0.3333333333333333,0.0,0,0
http-request,com.github.kevinsawicki.http.HttpRequestTest.singleVerifier,True,300,91,103,106,0,0.35333333333333333,"[0.30140830066923496, 0.40896697088996514]",0.3433333333333333,"[0.29188793516981404, 0.398740195813877]",0.0,"[0.0, 0.012642971224546034]",0.00993608194445772,0.3333333333333333,0.0,0,0
http-request,com.github.kevinsawicki.http.HttpRequestTest.verifierAccepts,False,300,98,104,98,0,0.32666666666666666,"[0.2760784389482685, 0.3816377910762407]",0.3466666666666667,"[0.2950585411049252, 0.40215197007060216]",0.0,"[0.0, 0.012642971224546034]",0.00993608194445772,0.3333333333333333,0.0,0,0
