subject,test,reference_consistent,n,n00,n01,n10,n11,f_anchor,f_anchor_ci95,f_reverse,f_reverse_ci95,B,B_ci95,B_zero_one_sided95_upper,model_f,model_B,model_f_inside_anchor_ci,S1_pred_pass_obs_fail,S1_pred_fail_obs_pass,S1_disagreeing_directions,S2_pred_pass_obs_fail,S2_pred_fail_obs_pass,S2_disagreeing_directions
marine-api,net.sf.marineapi.ais.event.AbstractAISMessageListenerTest.testBasicListenerWithUnexpectedMessage,True,1000,939,33,28,0,0.028,"[0.019442276812770925, 0.04017018319759311]",0.033,"[0.023592927958426907, 0.04598126446708159]",0.0,"[0.0, 0.0038267584855551234]",0.0029912495450953314,0.03125,0.0,True,0,0,0,0,0,0
marine-api,net.sf.marineapi.ais.event.AbstractAISMessageListenerTest.testConstructor,True,1000,939,33,28,0,0.028,"[0.019442276812770925, 0.04017018319759311]",0.033,"[0.023592927958426907, 0.04598126446708159]",0.0,"[0.0, 0.0038267584855551234]",0.0029912495450953314,0.03125,0.0,True,0,0,0,0,0,0
marine-api,net.sf.marineapi.ais.event.AbstractAISMessageListenerTest.testGenericsListenerDefaultConstructorThrows,True,1000,939,33,28,0,0.028,"[0.019442276812770925, 0.04017018319759311]",0.033,"[0.023592927958426907, 0.04598126446708159]",0.0,"[0.0, 0.0038267584855551234]",0.0029912495450953314,0.03125,0.0,True,0,0,0,0,0,0
marine-api,net.sf.marineapi.ais.event.AbstractAISMessageListenerTest.testGenericsListener,True,1000,939,33,28,0,0.028,"[0.019442276812770925, 0.04017018319759311]",0.033,"[0.023592927958426907, 0.04598126446708159]",0.0,"[0.0, 0.0038267584855551234]",0.0029912495450953314,0.03125,0.0,True,0,0,0,0,0,0
marine-api,net.sf.marineapi.ais.event.AbstractAISMessageListenerTest.testOnMessageWithExpectedMessage,True,1000,939,33,28,0,0.028,"[0.019442276812770925, 0.04017018319759311]",0.033,"[0.023592927958426907, 0.04598126446708159]",0.0,"[0.0, 0.0038267584855551234]",0.0029912495450953314,0.03125,0.0,True,0,0,0,0,0,0
marine-api,net.sf.marineapi.ais.event.AbstractAISMessageListenerTest.testParametrizedConstructor,True,1000,939,33,28,0,0.028,"[0.019442276812770925, 0.04017018319759311]",0.033,"[0.023592927958426907, 0.04598126446708159]",0.0,"[0.0, 0.0038267584855551234]",0.0029912495450953314,0.03125,0.0,True,0,0,0,0,0,0
marine-api,net.sf.marineapi.ais.event.AbstractAISMessageListenerTest.testSequenceListener,True,1000,939,33,28,0,0.028,"[0.019442276812770925, 0.04017018319759311]",0.033,"[0.023592927958426907, 0.04598126446708159]",0.0,"[0.0, 0.0038267584855551234]",0.0029912495450953314,0.03125,0.0,True,0,0,0,0,0,0
marine-api,net.sf.marineapi.ais.event.AbstractAISMessageListenerTest.testSequenceListenerWithIncorrectOrder,True,1000,939,33,28,0,0.028,"[0.019442276812770925, 0.04017018319759311]",0.033,"[0.023592927958426907, 0.04598126446708159]",0.0,"[0.0, 0.0038267584855551234]",0.0029912495450953314,0.03125,0.0,True,0,0,0,0,0,0
marine-api,net.sf.marineapi.ais.event.AbstractAISMessageListenerTest.testSequenceListenerWithMixedOrder,True,1000,939,33,28,0,0.028,"[0.019442276812770925, 0.04017018319759311]",0.033,"[0.023592927958426907, 0.04598126446708159]",0.0,"[0.0, 0.0038267584855551234]",0.0029912495450953314,0.03125,0.0,True,0,0,0,0,0,0
marine-api,net.sf.marineapi.ais.parser.AISMessageFactoryTest.testCreate,True,1000,938,32,30,0,0.03,"[0.0210937388288347, 0.042503414147587126]",0.032,"[0.022757107858710962, 0.04482473808376865]",0.0,"[0.0, 0.0038267584855551234]",0.0029912495450953314,0.03125,0.0,True,0,0,0,0,0,0
marine-api,net.sf.marineapi.ais.parser.AISMessageFactoryTest.testCreateWithIncorrectOrder,True,1000,938,32,30,0,0.03,"[0.0210937388288347, 0.042503414147587126]",0.032,"[0.022757107858710962, 0.04482473808376865]",0.0,"[0.0, 0.0038267584855551234]",0.0029912495450953314,0.03125,0.0,True,0,0,0,0,0,0
marine-api,net.sf.marineapi.ais.parser.AISMessageFactoryTest.testCreateWithTwo,True,1000,938,32,30,0,0.03,"[0.0210937388288347, 0.042503414147587126]",0.032,"[0.022757107858710962, 0.04482473808376865]",0.0,"[0.0, 0.0038267584855551234]",0.0029912495450953314,0.03125,0.0,True,0,0,0,0,0,0
